{
    "counter": {
        "ACTIVE": 5965,
        "INACTIVE": 1527,
        "INVALID": 0,
        "MALICIOUS": 0,
        "SANE": 0,
        "VALID": 0,
        "total": 7492
    },
    "percentage": {
        "ACTIVE": 79.61825947677522,
        "INACTIVE": 20.381740523224774,
        "INVALID": 0.0,
        "MALICIOUS": 0.0,
        "SANE": 0.0,
        "VALID": 0.0,
        "total": 100.0
    }
}