{
    "counter": {
        "ACTIVE": 5150,
        "INACTIVE": 1313,
        "INVALID": 0,
        "MALICIOUS": 0,
        "SANE": 0,
        "VALID": 0,
        "total": 6463
    },
    "percentage": {
        "ACTIVE": 79.68435710970138,
        "INACTIVE": 20.350278983261003,
        "INVALID": 0,
        "MALICIOUS": 0,
        "SANE": 0,
        "VALID": 0,
        "total": 100.03463609296239
    }
}