{
    "counter": {
        "ACTIVE": 5939,
        "INACTIVE": 1512,
        "INVALID": 0,
        "MALICIOUS": 0,
        "SANE": 0,
        "VALID": 0,
        "total": 7451
    },
    "percentage": {
        "ACTIVE": 79.70742182257415,
        "INACTIVE": 20.29257817742585,
        "INVALID": 0.0,
        "MALICIOUS": 0.0,
        "SANE": 0.0,
        "VALID": 0.0,
        "total": 100.0
    }
}