{
    "counter": {
        "ACTIVE": 5227,
        "INACTIVE": 1333,
        "INVALID": 0,
        "MALICIOUS": 0,
        "SANE": 0,
        "VALID": 0,
        "total": 6560
    },
    "percentage": {
        "ACTIVE": 79.69202622350969,
        "INACTIVE": 20.320121951219512,
        "INVALID": 0,
        "MALICIOUS": 0,
        "SANE": 0,
        "VALID": 0,
        "total": 100.01214817472919
    }
}