{
    "counter": {
        "ACTIVE": 5807,
        "INACTIVE": 1486,
        "INVALID": 0,
        "MALICIOUS": 0,
        "SANE": 0,
        "VALID": 0,
        "total": 7293
    },
    "percentage": {
        "ACTIVE": 79.6242972713561,
        "INACTIVE": 20.375702728643905,
        "INVALID": 0.0,
        "MALICIOUS": 0.0,
        "SANE": 0.0,
        "VALID": 0.0,
        "total": 100.0
    }
}