{
    "counter": {
        "ACTIVE": 5134,
        "INACTIVE": 1311,
        "INVALID": 0,
        "MALICIOUS": 0,
        "SANE": 0,
        "VALID": 0,
        "total": 6445
    },
    "percentage": {
        "ACTIVE": 79.65865011636927,
        "INACTIVE": 20.34766413161571,
        "INVALID": 0,
        "MALICIOUS": 0,
        "SANE": 0,
        "VALID": 0,
        "total": 100.00631424798499
    }
}