{
    "counter": {
        "ACTIVE": 6070,
        "INACTIVE": 1537,
        "INVALID": 1,
        "MALICIOUS": 0,
        "SANE": 0,
        "VALID": 0,
        "total": 7608
    },
    "percentage": {
        "ACTIVE": 79.78443743427971,
        "INACTIVE": 20.20241850683491,
        "INVALID": 0.013144058885383806,
        "MALICIOUS": 0.0,
        "SANE": 0.0,
        "VALID": 0.0,
        "total": 100.0
    }
}