{
    "counter": {
        "ACTIVE": 5863,
        "INACTIVE": 1491,
        "INVALID": 0,
        "MALICIOUS": 0,
        "SANE": 0,
        "VALID": 0,
        "total": 7354
    },
    "percentage": {
        "ACTIVE": 79.72531955398422,
        "INACTIVE": 20.274680446015775,
        "INVALID": 0.0,
        "MALICIOUS": 0.0,
        "SANE": 0.0,
        "VALID": 0.0,
        "total": 100.0
    }
}