{
    "counter": {
        "ACTIVE": 4025,
        "INACTIVE": 893,
        "INVALID": 0,
        "MALICIOUS": 0,
        "SANE": 0,
        "VALID": 0,
        "total": 4918
    },
    "percentage": {
        "ACTIVE": 81.84221228141521,
        "INACTIVE": 18.172568172568173,
        "INVALID": 0,
        "MALICIOUS": 0,
        "SANE": 0,
        "VALID": 0,
        "total": 100.01478045398339
    }
}