{
    "counter": {
        "ACTIVE": 5722,
        "INACTIVE": 1463,
        "INVALID": 0,
        "MALICIOUS": 0,
        "SANE": 0,
        "VALID": 0,
        "total": 7185
    },
    "percentage": {
        "ACTIVE": 79.63813500347948,
        "INACTIVE": 20.361864996520527,
        "INVALID": 0.0,
        "MALICIOUS": 0.0,
        "SANE": 0.0,
        "VALID": 0.0,
        "total": 100.0
    }
}