{
    "counter": {
        "ACTIVE": 4835,
        "INACTIVE": 1219,
        "INVALID": 0,
        "MALICIOUS": 0,
        "SANE": 0,
        "VALID": 0,
        "total": 6054
    },
    "percentage": {
        "ACTIVE": 79.8777465719478,
        "INACTIVE": 20.13544763792534,
        "INVALID": 0,
        "MALICIOUS": 0,
        "SANE": 0,
        "VALID": 0,
        "total": 100.01319420987313
    }
}