{
    "counter": {
        "ACTIVE": 6251,
        "INACTIVE": 1540,
        "INVALID": 1,
        "MALICIOUS": 0,
        "SANE": 0,
        "VALID": 0,
        "total": 7792
    },
    "percentage": {
        "ACTIVE": 80.22330595482546,
        "INACTIVE": 19.763860369609855,
        "INVALID": 0.012833675564681724,
        "MALICIOUS": 0.0,
        "SANE": 0.0,
        "VALID": 0.0,
        "total": 100.0
    }
}