{
    "counter": {
        "ACTIVE": 5948,
        "INACTIVE": 1519,
        "INVALID": 0,
        "MALICIOUS": 0,
        "SANE": 0,
        "VALID": 0,
        "total": 7467
    },
    "percentage": {
        "ACTIVE": 79.65715816258202,
        "INACTIVE": 20.34284183741797,
        "INVALID": 0.0,
        "MALICIOUS": 0.0,
        "SANE": 0.0,
        "VALID": 0.0,
        "total": 100.0
    }
}