{
    "counter": {
        "ACTIVE": 5965,
        "INACTIVE": 1526,
        "INVALID": 0,
        "MALICIOUS": 0,
        "SANE": 0,
        "VALID": 0,
        "total": 7491
    },
    "percentage": {
        "ACTIVE": 79.62888799893206,
        "INACTIVE": 20.37111200106795,
        "INVALID": 0.0,
        "MALICIOUS": 0.0,
        "SANE": 0.0,
        "VALID": 0.0,
        "total": 100.0
    }
}