{
    "counter": {
        "ACTIVE": 6317,
        "INACTIVE": 1542,
        "INVALID": 1,
        "MALICIOUS": 0,
        "SANE": 0,
        "VALID": 0,
        "total": 7860
    },
    "percentage": {
        "ACTIVE": 80.36895674300254,
        "INACTIVE": 19.61832061068702,
        "INVALID": 0.01272264631043257,
        "MALICIOUS": 0.0,
        "SANE": 0.0,
        "VALID": 0.0,
        "total": 100.0
    }
}