{
    "counter": {
        "ACTIVE": 5467,
        "INACTIVE": 1387,
        "INVALID": 0,
        "MALICIOUS": 0,
        "SANE": 0,
        "VALID": 0,
        "total": 6854
    },
    "percentage": {
        "ACTIVE": 79.76364166909833,
        "INACTIVE": 20.239311250547207,
        "INVALID": 0,
        "MALICIOUS": 0,
        "SANE": 0,
        "VALID": 0,
        "total": 100.00295291964554
    }
}