{
    "counter": {
        "ACTIVE": 5981,
        "INACTIVE": 1534,
        "INVALID": 0,
        "MALICIOUS": 0,
        "SANE": 0,
        "VALID": 0,
        "total": 7515
    },
    "percentage": {
        "ACTIVE": 79.58749168330007,
        "INACTIVE": 20.412508316699935,
        "INVALID": 0.0,
        "MALICIOUS": 0.0,
        "SANE": 0.0,
        "VALID": 0.0,
        "total": 100.0
    }
}