{
    "counter": {
        "ACTIVE": 5630,
        "INACTIVE": 1454,
        "INVALID": 0,
        "MALICIOUS": 0,
        "SANE": 0,
        "VALID": 0,
        "total": 7084
    },
    "percentage": {
        "ACTIVE": 79.47487295313383,
        "INACTIVE": 20.528024848228153,
        "INVALID": 0,
        "MALICIOUS": 0,
        "SANE": 0,
        "VALID": 0,
        "total": 100.00289780136198
    }
}