{
    "counter": {
        "ACTIVE": 6424,
        "INACTIVE": 1612,
        "INVALID": 2,
        "MALICIOUS": 0,
        "SANE": 0,
        "VALID": 0,
        "total": 8038
    },
    "percentage": {
        "ACTIVE": 79.92037820353322,
        "INACTIVE": 20.054739985070913,
        "INVALID": 0.02488181139586962,
        "MALICIOUS": 0.0,
        "SANE": 0.0,
        "VALID": 0.0,
        "total": 100.0
    }
}