{
    "counter": {
        "ACTIVE": 6393,
        "INACTIVE": 1588,
        "INVALID": 2,
        "MALICIOUS": 0,
        "SANE": 0,
        "VALID": 0,
        "total": 7983
    },
    "percentage": {
        "ACTIVE": 80.0826756858324,
        "INACTIVE": 19.89227107603658,
        "INVALID": 0.025053238131028437,
        "MALICIOUS": 0.0,
        "SANE": 0.0,
        "VALID": 0.0,
        "total": 100.0
    }
}