{
    "counter": {
        "ACTIVE": 5959,
        "INACTIVE": 1522,
        "INVALID": 0,
        "MALICIOUS": 0,
        "SANE": 0,
        "VALID": 0,
        "total": 7481
    },
    "percentage": {
        "ACTIVE": 79.6551263200107,
        "INACTIVE": 20.344873679989306,
        "INVALID": 0.0,
        "MALICIOUS": 0.0,
        "SANE": 0.0,
        "VALID": 0.0,
        "total": 100.0
    }
}