{
    "counter": {
        "ACTIVE": 475,
        "INACTIVE": 66,
        "INVALID": 0,
        "MALICIOUS": 0,
        "SANE": 0,
        "VALID": 0,
        "total": 541
    },
    "percentage": {
        "ACTIVE": 87.8003696857671,
        "INACTIVE": 12.667946257197697,
        "INVALID": 0,
        "MALICIOUS": 0,
        "SANE": 0,
        "VALID": 0,
        "total": 100.4683159429648
    }
}