{
    "counter": {
        "ACTIVE": 4524,
        "INACTIVE": 1111,
        "INVALID": 0,
        "MALICIOUS": 0,
        "SANE": 0,
        "VALID": 0,
        "total": 5635
    },
    "percentage": {
        "ACTIVE": 80.28393966282165,
        "INACTIVE": 19.7265625,
        "INVALID": 0,
        "MALICIOUS": 0,
        "SANE": 0,
        "VALID": 0,
        "total": 100.01050216282165
    }
}