{
    "counter": {
        "ACTIVE": 6086,
        "INACTIVE": 1537,
        "INVALID": 1,
        "MALICIOUS": 0,
        "SANE": 0,
        "VALID": 0,
        "total": 7624
    },
    "percentage": {
        "ACTIVE": 79.82686253934942,
        "INACTIVE": 20.160020986358866,
        "INVALID": 0.013116474291710388,
        "MALICIOUS": 0.0,
        "SANE": 0.0,
        "VALID": 0.0,
        "total": 100.0
    }
}