{
    "counter": {
        "ACTIVE": 5904,
        "INACTIVE": 1504,
        "INVALID": 0,
        "MALICIOUS": 0,
        "SANE": 0,
        "VALID": 0,
        "total": 7408
    },
    "percentage": {
        "ACTIVE": 79.6976241900648,
        "INACTIVE": 20.302375809935207,
        "INVALID": 0.0,
        "MALICIOUS": 0.0,
        "SANE": 0.0,
        "VALID": 0.0,
        "total": 100.0
    }
}