{
    "counter": {
        "Alibaba Cloud Computing (Beijing) Co., Ltd.": 2,
        "CV. JOGJACAMP": 4,
        "Danesco Trading Ltd.": 2,
        "Endurance Digital Domain Technology LLP": 2,
        "FastDomain Inc.": 2,
        "Gandi SAS": 2,
        "Gname.com Pte. Ltd.": 2,
        "Go Get Canada Domain Registrar Ltd.": 2,
        "GoDaddy.com, LLC": 24,
        "Google LLC": 2,
        "Hosting Concepts B.V. d/b/a Registrar.eu": 2,
        "IONOS SE": 2,
        "KEY-SYSTEMS GmbH": 10,
        "Key-Systems GmbH": 2,
        "NICENIC INTERNATIONAL GROUP CO., LIMITED": 2,
        "NameCheap, Inc.": 12,
        "NameSilo, LLC": 12,
        "NameSilo,LLC": 4,
        "Namecheap": 20,
        "OVH": 2,
        "OnlineNIC, Inc.": 2,
        "PDR Ltd. d/b/a PublicDomainRegistry.com": 4,
        "REGRU-RU": 2,
        "RegistryGate GmbH": 2,
        "Tucows Domains Inc.": 4,
        "TurnCommerce, Inc. DBA NameBright.com": 2,
        "pair Networks, Inc. d/b/a pair Domains": 2,
        "total": 126
    },
    "percentage": {
        "Alibaba Cloud Computing (Beijing) Co., Ltd.": 1.5873015873015872,
        "CV. JOGJACAMP": 3.1746031746031744,
        "Danesco Trading Ltd.": 1.5873015873015872,
        "Endurance Digital Domain Technology LLP": 1.5873015873015872,
        "FastDomain Inc.": 1.5873015873015872,
        "Gandi SAS": 1.5873015873015872,
        "Gname.com Pte. Ltd.": 1.5873015873015872,
        "Go Get Canada Domain Registrar Ltd.": 1.5873015873015872,
        "GoDaddy.com, LLC": 19.047619047619047,
        "Google LLC": 1.5873015873015872,
        "Hosting Concepts B.V. d/b/a Registrar.eu": 1.5873015873015872,
        "IONOS SE": 1.5873015873015872,
        "KEY-SYSTEMS GmbH": 7.936507936507937,
        "Key-Systems GmbH": 1.5873015873015872,
        "NICENIC INTERNATIONAL GROUP CO., LIMITED": 1.5873015873015872,
        "NameCheap, Inc.": 9.523809523809524,
        "NameSilo, LLC": 9.523809523809524,
        "NameSilo,LLC": 3.1746031746031744,
        "Namecheap": 15.873015873015873,
        "OVH": 1.5873015873015872,
        "OnlineNIC, Inc.": 1.5873015873015872,
        "PDR Ltd. d/b/a PublicDomainRegistry.com": 3.1746031746031744,
        "REGRU-RU": 1.5873015873015872,
        "RegistryGate GmbH": 1.5873015873015872,
        "Tucows Domains Inc.": 3.1746031746031744,
        "TurnCommerce, Inc. DBA NameBright.com": 1.5873015873015872,
        "pair Networks, Inc. d/b/a pair Domains": 1.5873015873015872,
        "total": 103.17460317460315
    }
}