{
    "counter": {
        "CV. JOGJACAMP": 4,
        "Gname.com Pte. Ltd.": 2,
        "GoDaddy.com, LLC": 16,
        "Google LLC": 2,
        "Hosting Concepts B.V. d/b/a Registrar.eu": 2,
        "IONOS SE": 2,
        "KEY-SYSTEMS GmbH": 4,
        "Key-Systems GmbH": 2,
        "NICENIC INTERNATIONAL GROUP CO., LIMITED": 2,
        "NameCheap, Inc.": 8,
        "NameSilo, LLC": 6,
        "NameSilo,LLC": 2,
        "Namecheap": 18,
        "PDR Ltd. d/b/a PublicDomainRegistry.com": 4,
        "REGRU-RU": 2,
        "Tucows Domains Inc.": 4,
        "pair Networks, Inc. d/b/a pair Domains": 2,
        "total": 82
    },
    "percentage": {
        "CV. JOGJACAMP": 4.878048780487805,
        "Gname.com Pte. Ltd.": 2.4390243902439024,
        "GoDaddy.com, LLC": 19.51219512195122,
        "Google LLC": 2.4390243902439024,
        "Hosting Concepts B.V. d/b/a Registrar.eu": 2.4390243902439024,
        "IONOS SE": 2.4390243902439024,
        "KEY-SYSTEMS GmbH": 4.878048780487805,
        "Key-Systems GmbH": 2.4390243902439024,
        "NICENIC INTERNATIONAL GROUP CO., LIMITED": 2.4390243902439024,
        "NameCheap, Inc.": 9.75609756097561,
        "NameSilo, LLC": 7.317073170731708,
        "NameSilo,LLC": 2.4390243902439024,
        "Namecheap": 21.951219512195124,
        "PDR Ltd. d/b/a PublicDomainRegistry.com": 4.878048780487805,
        "REGRU-RU": 2.4390243902439024,
        "Tucows Domains Inc.": 4.878048780487805,
        "pair Networks, Inc. d/b/a pair Domains": 2.4390243902439024,
        "total": 99.99999999999999
    }
}