{
    "counter": {
        "CV. JOGJACAMP": 4,
        "Gname.com Pte. Ltd.": 2,
        "GoDaddy.com, LLC": 16,
        "Google LLC": 2,
        "IONOS SE": 2,
        "KEY-SYSTEMS GmbH": 4,
        "Key-Systems GmbH": 2,
        "NameCheap, Inc.": 8,
        "NameSilo, LLC": 6,
        "NameSilo,LLC": 2,
        "Namecheap": 18,
        "PDR Ltd. d/b/a PublicDomainRegistry.com": 2,
        "REGRU-RU": 2,
        "Tucows Domains Inc.": 4,
        "total": 74
    },
    "percentage": {
        "CV. JOGJACAMP": 5.405405405405405,
        "Gname.com Pte. Ltd.": 2.7027027027027026,
        "GoDaddy.com, LLC": 21.62162162162162,
        "Google LLC": 2.7027027027027026,
        "IONOS SE": 2.7027027027027026,
        "KEY-SYSTEMS GmbH": 5.405405405405405,
        "Key-Systems GmbH": 2.7027027027027026,
        "NameCheap, Inc.": 10.81081081081081,
        "NameSilo, LLC": 8.108108108108109,
        "NameSilo,LLC": 2.7027027027027026,
        "Namecheap": 24.324324324324323,
        "PDR Ltd. d/b/a PublicDomainRegistry.com": 2.7027027027027026,
        "REGRU-RU": 2.7027027027027026,
        "Tucows Domains Inc.": 5.405405405405405,
        "total": 100.00000000000001
    }
}